{"cameraMode":{"drawMode":0,"name":"Shaded","section":"Shading Mode"},"sceneLighting":true,"audioPlay":false,"sceneViewState":{"showFog":true,"showMaterialUpdate":false,"showSkybox":true,"showFlares":true,"showImageEffects":true,"showParticleSystems":true},"in2DMode":false,"pivot":{"x":9.372326850891114,"y":2.9736039638519289,"z":2.077798843383789},"rotation":{"x":-0.189030259847641,"y":-0.29890257120132449,"z":0.06053076311945915,"w":-0.9334306120872498},"size":46.25474548339844,"orthographic":false}