{"cameraMode":{"drawMode":0,"name":"Shaded","section":"Shading Mode"},"sceneLighting":true,"audioPlay":false,"sceneViewState":{"showFog":true,"showMaterialUpdate":false,"showSkybox":true,"showFlares":true,"showImageEffects":true,"showParticleSystems":true},"in2DMode":false,"pivot":{"x":-1.191070556640625,"y":2.1875295639038088,"z":-2.6290955543518068},"rotation":{"x":0.31502169370651247,"y":-0.43858957290649416,"z":0.16748888790607453,"w":0.8248597383499146},"size":37.51304626464844,"orthographic":false}