{"cameraMode":{"drawMode":0,"name":"Shaded","section":"Shading Mode"},"sceneLighting":true,"audioPlay":false,"sceneViewState":{"showFog":true,"showMaterialUpdate":false,"showSkybox":true,"showFlares":true,"showImageEffects":true,"showParticleSystems":true},"in2DMode":false,"pivot":{"x":5.896766662597656,"y":1.7209715843200684,"z":-1.009256362915039},"rotation":{"x":0.00756504712626338,"y":0.24964073300361634,"z":-0.001936631859280169,"w":0.968338131904602},"size":22.0,"orthographic":false}