{"cameraMode":{"drawMode":0,"name":"Shaded","section":"Shading Mode"},"sceneLighting":false,"audioPlay":false,"sceneViewState":{"showFog":true,"showMaterialUpdate":false,"showSkybox":false,"showFlares":true,"showImageEffects":true,"showParticleSystems":true},"in2DMode":false,"pivot":{"x":0.9999996423721314,"y":-0.9961112141609192,"z":21.5},"rotation":{"x":0.1430933028459549,"y":-0.838363528251648,"z":0.26547473669052126,"w":0.45438095927238467},"size":7.195140361785889,"orthographic":false}