{"cameraMode":{"drawMode":0,"name":"Shaded","section":"Shading Mode"},"sceneLighting":true,"audioPlay":false,"sceneViewState":{"showFog":true,"showMaterialUpdate":false,"showSkybox":true,"showFlares":true,"showImageEffects":true,"showParticleSystems":true},"in2DMode":false,"pivot":{"x":0.38313624262809756,"y":3.237466812133789,"z":-8.772478103637696},"rotation":{"x":0.4371223747730255,"y":-0.002698179567232728,"z":0.0013113835593685508,"w":0.8993983864784241},"size":24.938209533691408,"orthographic":false}